created_at,entry_id,field1,field2,latitude,longitude,elevation,status
2022-11-17T14:15:06+05:30,1,614.9,550.3,,,,
2022-11-17T14:15:26+05:30,2,620.7,540.6,,,,
2022-11-17T14:15:46+05:30,3,614.9,535.7,,,,
2022-11-17T14:16:06+05:30,4,614.9,530.8,,,,
2022-11-17T14:16:26+05:30,5,614.9,527.9,,,,
2022-11-17T14:16:46+05:30,6,615.8,525.9,,,,
2022-11-17T14:17:06+05:30,7,615.8,523.9,,,,
2022-11-17T14:17:26+05:30,8,615.8,523.0,,,,
2022-11-17T14:17:46+05:30,9,615.8,535.7,,,,
2022-11-17T14:18:06+05:30,10,616.8,523.0,,,,
2022-11-17T14:18:26+05:30,11,615.8,517.1,,,,
2022-11-17T14:18:46+05:30,12,615.8,514.2,,,,
2022-11-17T14:19:06+05:30,13,616.8,507.3,,,,
2022-11-17T14:19:26+05:30,14,616.8,504.4,,,,
2022-11-17T14:19:46+05:30,15,617.8,501.5,,,,
2022-11-17T14:20:06+05:30,16,617.8,512.2,,,,
2022-11-17T14:20:26+05:30,17,618.8,495.6,,,,
2022-11-17T14:20:46+05:30,18,624.6,494.6,,,,
2022-11-17T14:21:06+05:30,19,617.8,492.7,,,,
2022-11-17T14:21:26+05:30,20,620.7,498.5,,,,
2022-11-17T14:21:46+05:30,21,624.6,490.7,,,,
2022-11-17T14:22:06+05:30,22,621.7,502.4,,,,
2022-11-17T14:22:26+05:30,23,620.7,503.4,,,,
2022-11-17T14:22:46+05:30,24,617.8,488.8,,,,
2022-11-17T14:23:06+05:30,25,617.8,488.8,,,,
2022-11-17T14:23:26+05:30,26,617.8,485.8,,,,
2022-11-17T14:23:46+05:30,27,618.8,482.9,,,,
2022-11-17T14:24:06+05:30,28,621.7,471.2,,,,
2022-11-17T14:24:26+05:30,29,621.7,419.4,,,,
2022-11-17T14:24:46+05:30,30,621.7,446.7,,,,
2022-11-17T14:25:06+05:30,31,622.7,446.7,,,,
2022-11-17T14:25:26+05:30,32,621.7,452.6,,,,
2022-11-17T14:25:46+05:30,33,627.6,453.6,,,,
2022-11-17T14:26:06+05:30,34,621.7,456.5,,,,
2022-11-17T14:26:26+05:30,35,621.7,441.8,,,,
2022-11-17T14:26:46+05:30,36,624.6,437.0,,,,
2022-11-17T14:27:06+05:30,37,622.7,433.0,,,,
2022-11-17T14:27:26+05:30,38,622.7,442.8,,,,
2022-11-17T14:27:46+05:30,39,627.6,425.2,,,,
2022-11-17T14:28:06+05:30,40,626.6,464.3,,,,
2022-11-17T14:28:26+05:30,41,618.8,468.2,,,,
2022-11-17T14:28:46+05:30,42,618.8,483.9,,,,
2022-11-17T14:29:06+05:30,43,617.8,472.1,,,,
2022-11-17T14:29:26+05:30,44,618.8,475.1,,,,
2022-11-17T14:29:46+05:30,45,617.8,476.1,,,,
2022-11-17T14:30:06+05:30,46,617.8,474.1,,,,
2022-11-17T14:30:26+05:30,47,617.8,471.2,,,,
2022-11-17T14:30:46+05:30,48,617.8,482.9,,,,
2022-11-17T14:31:06+05:30,49,619.7,472.1,,,,
2022-11-17T14:31:26+05:30,50,621.7,421.3,,,,
2022-11-17T14:31:46+05:30,51,624.6,417.4,,,,
2022-11-17T14:32:06+05:30,52,626.6,444.8,,,,
2022-11-17T14:32:26+05:30,53,621.7,448.7,,,,
2022-11-17T14:32:46+05:30,54,621.7,444.8,,,,
2022-11-17T14:33:06+05:30,55,621.7,442.8,,,,
2022-11-17T14:33:26+05:30,56,621.7,465.3,,,,
2022-11-17T14:33:46+05:30,57,621.7,453.6,,,,
2022-11-17T14:34:06+05:30,58,621.7,455.5,,,,
2022-11-17T14:34:26+05:30,59,621.7,454.5,,,,
2022-11-17T14:34:46+05:30,60,628.5,451.6,,,,
2022-11-17T14:35:06+05:30,61,627.6,442.8,,,,
2022-11-17T14:35:26+05:30,62,621.7,446.7,,,,
2022-11-17T14:35:46+05:30,63,620.7,445.7,,,,
2022-11-17T14:36:06+05:30,64,626.6,444.8,,,,
2022-11-17T14:36:26+05:30,65,621.7,451.6,,,,
2022-11-17T14:36:46+05:30,66,620.7,450.6,,,,
2022-11-17T14:37:06+05:30,67,619.7,464.3,,,,
2022-11-17T14:37:26+05:30,68,619.7,463.3,,,,
2022-11-17T14:37:46+05:30,69,619.7,466.3,,,,
2022-11-17T14:38:06+05:30,70,619.7,465.3,,,,
2022-11-17T14:38:26+05:30,71,626.6,460.4,,,,
2022-11-17T14:38:46+05:30,72,627.6,452.6,,,,
2022-11-17T14:39:06+05:30,73,621.7,442.8,,,,
2022-11-17T14:39:26+05:30,74,621.7,427.2,,,,
2022-11-17T14:39:46+05:30,75,622.7,443.8,,,,
2022-11-17T14:40:06+05:30,76,620.7,451.6,,,,
2022-11-17T14:40:26+05:30,77,619.7,467.3,,,,
2022-11-17T14:40:46+05:30,78,619.7,456.5,,,,
2022-11-17T14:41:06+05:30,79,619.7,456.5,,,,
2022-11-17T14:41:26+05:30,80,619.7,454.5,,,,
2022-11-17T14:41:46+05:30,81,620.7,456.5,,,,
2022-11-17T14:42:06+05:30,82,626.6,465.3,,,,
2022-11-17T14:42:26+05:30,83,624.6,444.8,,,,
2022-11-17T14:42:46+05:30,84,618.8,450.6,,,,
2022-11-17T14:43:06+05:30,85,617.8,451.6,,,,
2022-11-17T14:43:26+05:30,86,617.8,451.6,,,,
2022-11-17T14:43:46+05:30,87,617.8,446.7,,,,
2022-11-17T14:44:06+05:30,88,619.7,445.7,,,,
2022-11-17T14:44:26+05:30,89,619.7,439.9,,,,
2022-11-17T14:44:46+05:30,90,620.7,441.8,,,,
2022-11-17T14:45:06+05:30,91,619.7,440.9,,,,
2022-11-17T14:45:26+05:30,92,619.7,440.9,,,,
2022-11-17T14:45:46+05:30,93,619.7,433.0,,,,
2022-11-17T14:46:06+05:30,94,622.7,408.6,,,,
2022-11-17T14:46:26+05:30,95,617.8,452.6,,,,
2022-11-17T14:46:46+05:30,96,617.8,453.6,,,,
2022-11-17T14:47:06+05:30,97,617.8,456.5,,,,
2022-11-17T14:47:26+05:30,98,617.8,467.3,,,,
2022-11-17T14:47:46+05:30,99,616.8,456.5,,,,
2022-11-17T14:48:06+05:30,100,616.8,457.5,,,,
2022-11-17T14:48:26+05:30,101,616.8,458.5,,,,
2022-11-17T14:48:46+05:30,102,622.7,457.5,,,,
2022-11-17T14:49:06+05:30,103,622.7,456.5,,,,
2022-11-17T14:49:26+05:30,104,616.8,455.5,,,,
2022-11-17T14:49:46+05:30,105,616.8,456.5,,,,
2022-11-17T14:50:06+05:30,106,616.8,452.6,,,,
2022-11-17T14:50:26+05:30,107,617.8,450.6,,,,
2022-11-17T14:50:46+05:30,108,617.8,465.3,,,,
2022-11-17T14:51:06+05:30,109,616.8,453.6,,,,
2022-11-17T14:51:26+05:30,110,616.8,450.6,,,,
2022-11-17T14:51:46+05:30,111,617.8,446.7,,,,
2022-11-17T14:52:07+05:30,112,617.8,445.7,,,,
2022-11-17T14:52:26+05:30,113,617.8,448.7,,,,
2022-11-17T14:52:46+05:30,114,624.6,450.6,,,,
2022-11-17T14:53:06+05:30,115,618.8,464.3,,,,
2022-11-17T14:53:26+05:30,116,617.8,450.6,,,,
2022-11-17T14:53:46+05:30,117,618.8,444.8,,,,
2022-11-17T14:54:06+05:30,118,619.7,442.8,,,,
2022-11-17T14:54:26+05:30,119,619.7,453.6,,,,
2022-11-17T14:54:46+05:30,120,621.7,404.7,,,,
2022-11-17T14:55:07+05:30,121,621.7,433.0,,,,
2022-11-17T14:55:26+05:30,122,622.7,409.6,,,,
2022-11-17T14:55:46+05:30,123,617.8,456.5,,,,
2022-11-17T14:56:06+05:30,124,623.7,451.6,,,,
2022-11-17T14:56:26+05:30,125,617.8,450.6,,,,
2022-11-17T14:56:46+05:30,126,617.8,450.6,,,,
2022-11-17T14:57:06+05:30,127,616.8,450.6,,,,
2022-11-17T14:57:26+05:30,128,616.8,451.6,,,,
2022-11-17T14:57:46+05:30,129,616.8,450.6,,,,
2022-11-17T14:58:07+05:30,130,617.8,446.7,,,,
2022-11-17T14:58:26+05:30,131,616.8,448.7,,,,
2022-11-17T14:58:46+05:30,132,616.8,445.7,,,,
2022-11-17T14:59:06+05:30,133,622.7,444.8,,,,
2022-11-17T14:59:26+05:30,134,617.8,443.8,,,,
2022-11-17T14:59:46+05:30,135,617.8,444.8,,,,
2022-11-17T15:00:06+05:30,136,624.6,443.8,,,,
2022-11-17T15:00:26+05:30,137,617.8,436.0,,,,
2022-11-17T15:00:46+05:30,138,617.8,437.0,,,,
2022-11-17T15:01:07+05:30,139,617.8,441.8,,,,
2022-11-17T15:01:26+05:30,140,619.7,442.8,,,,
2022-11-17T15:01:46+05:30,141,620.7,424.2,,,,
2022-11-17T15:02:06+05:30,142,616.8,445.7,,,,
2022-11-17T15:02:26+05:30,143,616.8,446.7,,,,
2022-11-17T15:02:46+05:30,144,616.8,447.7,,,,
2022-11-17T15:03:06+05:30,145,622.7,446.7,,,,
2022-11-17T15:03:26+05:30,146,616.8,445.7,,,,
2022-11-17T15:03:46+05:30,147,617.8,443.8,,,,
2022-11-17T15:04:07+05:30,148,617.8,456.5,,,,
2022-11-17T15:04:26+05:30,149,618.8,445.7,,,,
2022-11-17T15:04:46+05:30,150,612.9,485.8,,,,
2022-11-17T15:05:07+05:30,151,612.9,481.9,,,,
2022-11-17T15:05:26+05:30,152,614.9,478.0,,,,
2022-11-17T15:05:46+05:30,153,615.8,456.5,,,,
2022-11-17T15:06:07+05:30,154,617.8,457.5,,,,
2022-11-17T15:06:26+05:30,155,615.8,465.3,,,,
2022-11-17T15:06:46+05:30,156,615.8,453.6,,,,
2022-11-17T15:07:06+05:30,157,615.8,443.8,,,,
2022-11-17T15:07:26+05:30,158,614.9,450.6,,,,
2022-11-17T15:07:46+05:30,159,614.9,451.6,,,,
2022-11-17T15:08:06+05:30,160,614.9,453.6,,,,
2022-11-17T15:08:26+05:30,161,614.9,465.3,,,,
2022-11-17T15:08:46+05:30,162,614.9,451.6,,,,
2022-11-17T15:09:06+05:30,163,614.9,450.6,,,,
2022-11-17T15:09:26+05:30,164,619.7,465.3,,,,
2022-11-17T15:09:46+05:30,165,614.9,450.6,,,,
2022-11-17T15:10:07+05:30,166,619.7,451.6,,,,
2022-11-17T15:10:26+05:30,167,614.9,455.5,,,,
2022-11-17T15:10:46+05:30,168,614.9,455.5,,,,
2022-11-17T15:11:06+05:30,169,612.9,453.6,,,,
2022-11-17T15:11:26+05:30,170,612.9,451.6,,,,
2022-11-17T15:11:46+05:30,171,619.7,452.6,,,,
2022-11-17T15:12:06+05:30,172,619.7,452.6,,,,
2022-11-17T15:12:26+05:30,173,612.9,452.6,,,,
2022-11-17T15:12:46+05:30,174,612.9,465.3,,,,
2022-11-17T15:13:06+05:30,175,612.9,452.6,,,,
2022-11-17T15:13:26+05:30,176,611.9,451.6,,,,
2022-11-17T15:13:46+05:30,177,611.9,452.6,,,,
2022-11-17T15:14:06+05:30,178,611.9,451.6,,,,
2022-11-17T15:14:27+05:30,179,611.9,451.6,,,,
2022-11-17T15:14:46+05:30,180,611.9,451.6,,,,
2022-11-17T15:15:06+05:30,181,611.9,465.3,,,,
2022-11-17T15:15:27+05:30,182,611.9,477.0,,,,
2022-11-17T15:15:46+05:30,183,616.8,452.6,,,,
2022-11-17T15:16:06+05:30,184,610.0,453.6,,,,
2022-11-17T15:16:27+05:30,185,610.0,452.6,,,,
2022-11-17T15:16:46+05:30,186,610.0,452.6,,,,
2022-11-17T15:17:06+05:30,187,616.8,452.6,,,,
2022-11-17T15:17:27+05:30,188,610.0,466.3,,,,
2022-11-17T15:17:47+05:30,189,610.0,448.7,,,,
2022-11-17T15:18:06+05:30,190,609.0,450.6,,,,
2022-11-17T15:18:26+05:30,191,608.0,450.6,,,,
2022-11-17T15:18:47+05:30,192,608.0,448.7,,,,
2022-11-17T15:19:07+05:30,193,608.0,446.7,,,,
2022-11-17T15:19:27+05:30,194,609.0,447.7,,,,
2022-11-17T15:19:47+05:30,195,615.8,446.7,,,,
2022-11-17T15:20:07+05:30,196,608.0,448.7,,,,
2022-11-17T15:20:27+05:30,197,608.0,446.7,,,,
2022-11-17T15:20:47+05:30,198,608.0,446.7,,,,
2022-11-17T15:21:07+05:30,199,608.0,445.7,,,,
2022-11-17T15:21:27+05:30,200,607.0,446.7,,,,
2022-11-17T15:21:47+05:30,201,608.0,445.7,,,,
2022-11-17T15:22:07+05:30,202,608.0,460.4,,,,
2022-11-17T15:22:27+05:30,203,608.0,460.4,,,,
2022-11-17T15:22:47+05:30,204,607.0,445.7,,,,
2022-11-17T15:23:07+05:30,205,607.0,444.8,,,,
2022-11-17T15:23:27+05:30,206,612.9,445.7,,,,
2022-11-17T15:23:47+05:30,207,612.9,445.7,,,,
2022-11-17T15:24:07+05:30,208,612.9,444.8,,,,
2022-11-17T15:24:27+05:30,209,607.0,445.7,,,,
2022-11-17T15:24:47+05:30,210,606.1,446.7,,,,
2022-11-17T15:25:07+05:30,211,607.0,446.7,,,,
2022-11-17T15:25:27+05:30,212,606.1,444.8,,,,
2022-11-17T15:25:47+05:30,213,606.1,445.7,,,,
2022-11-17T15:26:07+05:30,214,611.9,459.4,,,,
2022-11-17T15:26:27+05:30,215,606.1,445.7,,,,
2022-11-17T15:26:47+05:30,216,606.1,445.7,,,,
2022-11-17T15:27:07+05:30,217,606.1,444.8,,,,
2022-11-17T15:27:27+05:30,218,606.1,442.8,,,,
2022-11-17T15:27:47+05:30,219,606.1,442.8,,,,
2022-11-17T15:28:07+05:30,220,605.1,440.9,,,,
2022-11-17T15:28:27+05:30,221,606.1,433.0,,,,
2022-11-17T15:28:47+05:30,222,606.1,442.8,,,,
2022-11-17T15:29:07+05:30,223,605.1,442.8,,,,
2022-11-17T15:29:27+05:30,224,605.1,455.5,,,,
2022-11-17T15:29:47+05:30,225,605.1,442.8,,,,
2022-11-17T15:30:07+05:30,226,605.1,443.8,,,,
2022-11-17T15:30:27+05:30,227,605.1,442.8,,,,
2022-11-17T15:30:47+05:30,228,604.1,444.8,,,,
2022-11-17T15:31:07+05:30,229,610.0,443.8,,,,
2022-11-17T15:31:27+05:30,230,604.1,443.8,,,,
2022-11-17T15:31:47+05:30,231,604.1,443.8,,,,
2022-11-17T15:32:07+05:30,232,604.1,442.8,,,,
2022-11-17T15:32:27+05:30,233,608.0,443.8,,,,
2022-11-17T15:32:47+05:30,234,604.1,443.8,,,,
2022-11-17T15:33:07+05:30,235,604.1,443.8,,,,
2022-11-17T15:33:27+05:30,236,608.0,444.8,,,,
2022-11-17T15:33:47+05:30,237,603.1,443.8,,,,
2022-11-17T15:34:07+05:30,238,603.1,444.8,,,,
2022-11-17T15:34:27+05:30,239,603.1,445.7,,,,
2022-11-17T15:34:47+05:30,240,603.1,444.8,,,,
2022-11-17T15:35:07+05:30,241,603.1,443.8,,,,
2022-11-17T15:35:27+05:30,242,603.1,443.8,,,,
2022-11-17T15:35:47+05:30,243,603.1,443.8,,,,
2022-11-17T15:36:07+05:30,244,603.1,443.8,,,,
2022-11-17T15:36:27+05:30,245,608.0,457.5,,,,
2022-11-17T15:36:47+05:30,246,603.1,456.5,,,,
2022-11-17T15:37:07+05:30,247,603.1,457.5,,,,
2022-11-17T15:37:27+05:30,248,603.1,442.8,,,,
2022-11-17T15:37:47+05:30,249,603.1,441.8,,,,
2022-11-17T15:38:07+05:30,250,603.1,440.9,,,,
2022-11-17T15:38:27+05:30,251,603.1,442.8,,,,
2022-11-17T15:38:47+05:30,252,601.2,441.8,,,,
2022-11-17T15:39:07+05:30,253,601.2,441.8,,,,
2022-11-17T15:39:27+05:30,254,601.2,456.5,,,,
2022-11-17T15:39:47+05:30,255,601.2,441.8,,,,
2022-11-17T15:40:07+05:30,256,601.2,440.9,,,,
2022-11-17T15:40:27+05:30,257,601.2,440.9,,,,
2022-11-17T15:40:47+05:30,258,601.2,440.9,,,,
2022-11-17T15:41:07+05:30,259,601.2,440.9,,,,
2022-11-17T15:41:27+05:30,260,601.2,439.9,,,,
2022-11-17T15:41:47+05:30,261,601.2,453.6,,,,
2022-11-17T15:42:07+05:30,262,601.2,440.9,,,,
2022-11-17T15:42:27+05:30,263,601.2,439.9,,,,
2022-11-17T15:42:47+05:30,264,606.1,439.9,,,,
2022-11-17T15:43:07+05:30,265,601.2,439.9,,,,
2022-11-17T15:43:27+05:30,266,601.2,438.9,,,,
2022-11-17T15:43:47+05:30,267,599.2,453.6,,,,
2022-11-17T15:44:07+05:30,268,599.2,440.9,,,,
2022-11-17T15:44:27+05:30,269,599.2,440.9,,,,
2022-11-17T15:44:47+05:30,270,599.2,440.9,,,,
2022-11-17T15:45:07+05:30,271,606.1,442.8,,,,
2022-11-17T15:45:27+05:30,272,599.2,442.8,,,,
2022-11-17T15:45:47+05:30,273,599.2,439.9,,,,
2022-11-17T15:46:07+05:30,274,599.2,442.8,,,,
2022-11-17T15:46:27+05:30,275,598.2,442.8,,,,
2022-11-17T15:46:47+05:30,276,598.2,442.8,,,,
2022-11-17T15:47:07+05:30,277,598.2,441.8,,,,
2022-11-17T15:47:27+05:30,278,598.2,441.8,,,,
2022-11-17T15:47:47+05:30,279,598.2,440.9,,,,
2022-11-17T15:48:07+05:30,280,597.3,442.8,,,,
2022-11-17T15:48:27+05:30,281,597.3,440.9,,,,
2022-11-17T15:48:47+05:30,282,597.3,439.9,,,,
2022-11-17T15:49:07+05:30,283,604.1,441.8,,,,
2022-11-17T15:49:27+05:30,284,597.3,440.9,,,,
2022-11-17T15:49:47+05:30,285,597.3,439.9,,,,
2022-11-17T15:50:07+05:30,286,597.3,439.9,,,,
2022-11-17T15:50:27+05:30,287,597.3,453.6,,,,
2022-11-17T15:50:47+05:30,288,597.3,452.6,,,,
2022-11-17T15:51:07+05:30,289,597.3,438.9,,,,
2022-11-17T15:51:27+05:30,290,597.3,439.9,,,,
2022-11-17T15:51:47+05:30,291,598.2,439.9,,,,
2022-11-17T15:52:07+05:30,292,605.1,441.8,,,,
2022-11-17T15:52:27+05:30,293,599.2,440.9,,,,
2022-11-17T15:52:47+05:30,294,599.2,453.6,,,,
2022-11-17T15:53:07+05:30,295,605.1,440.9,,,,
2022-11-17T15:53:27+05:30,296,598.2,438.9,,,,
2022-11-17T15:53:47+05:30,297,598.2,440.9,,,,
2022-11-17T15:54:07+05:30,298,597.3,439.9,,,,
2022-11-17T15:54:27+05:30,299,597.3,438.9,,,,
2022-11-17T15:54:47+05:30,300,598.2,439.9,,,,
2022-11-17T15:55:07+05:30,301,597.3,453.6,,,,
2022-11-17T15:55:27+05:30,302,597.3,439.9,,,,
2022-11-17T15:55:47+05:30,303,597.3,438.9,,,,
2022-11-17T15:56:07+05:30,304,597.3,437.0,,,,
2022-11-17T15:56:27+05:30,305,597.3,439.9,,,,
2022-11-17T15:56:47+05:30,306,597.3,437.0,,,,
2022-11-17T15:57:07+05:30,307,597.3,438.9,,,,
2022-11-17T15:57:27+05:30,308,597.3,453.6,,,,
2022-11-17T15:57:47+05:30,309,597.3,453.6,,,,
2022-11-17T15:58:07+05:30,310,597.3,439.9,,,,
2022-11-17T15:58:27+05:30,311,597.3,439.9,,,,
2022-11-17T15:58:47+05:30,312,597.3,439.9,,,,
2022-11-17T15:59:07+05:30,313,604.1,439.9,,,,
2022-11-17T15:59:27+05:30,314,604.1,438.9,,,,
2022-11-17T15:59:47+05:30,315,597.3,440.9,,,,
2022-11-17T16:00:07+05:30,316,597.3,439.9,,,,
2022-11-17T16:00:27+05:30,317,596.3,440.9,,,,
2022-11-17T16:00:47+05:30,318,597.3,440.9,,,,
2022-11-17T16:01:07+05:30,319,597.3,439.9,,,,
2022-11-17T16:01:27+05:30,320,596.3,439.9,,,,
2022-11-17T16:01:47+05:30,321,596.3,437.0,,,,
2022-11-17T16:02:07+05:30,322,596.3,440.9,,,,
2022-11-17T16:02:27+05:30,323,597.3,453.6,,,,
2022-11-17T16:02:47+05:30,324,596.3,436.0,,,,
2022-11-17T16:03:07+05:30,325,596.3,437.0,,,,
2022-11-17T16:03:27+05:30,326,596.3,439.9,,,,
2022-11-17T16:03:47+05:30,327,597.3,453.6,,,,
2022-11-17T16:04:07+05:30,328,597.3,439.9,,,,
2022-11-17T16:04:27+05:30,329,596.3,452.6,,,,
2022-11-17T16:04:47+05:30,330,596.3,453.6,,,,
2022-11-17T16:05:07+05:30,331,596.3,439.9,,,,
2022-11-17T16:05:27+05:30,332,596.3,440.9,,,,
2022-11-17T16:05:47+05:30,333,603.1,440.9,,,,
2022-11-17T16:06:07+05:30,334,603.1,453.6,,,,
2022-11-17T16:06:27+05:30,335,603.1,440.9,,,,
2022-11-17T16:06:47+05:30,336,596.3,439.9,,,,
2022-11-17T16:07:07+05:30,337,596.3,439.9,,,,
2022-11-17T16:07:27+05:30,338,596.3,439.9,,,,
2022-11-17T16:07:47+05:30,339,596.3,437.0,,,,
2022-11-17T16:08:07+05:30,340,596.3,436.0,,,,
2022-11-17T16:08:27+05:30,341,596.3,437.0,,,,
2022-11-17T16:08:47+05:30,342,596.3,437.0,,,,
2022-11-17T16:09:07+05:30,343,596.3,437.0,,,,
2022-11-17T16:09:27+05:30,344,595.3,437.0,,,,
2022-11-17T16:09:47+05:30,345,601.2,437.0,,,,
2022-11-17T16:10:07+05:30,346,596.3,438.9,,,,
2022-11-17T16:10:27+05:30,347,595.3,437.0,,,,
2022-11-17T16:10:47+05:30,348,595.3,437.0,,,,
2022-11-17T16:11:07+05:30,349,595.3,436.0,,,,
2022-11-17T16:11:27+05:30,350,595.3,452.6,,,,
2022-11-17T16:11:47+05:30,351,595.3,451.6,,,,
2022-11-17T16:12:07+05:30,352,601.2,437.0,,,,
2022-11-17T16:12:27+05:30,353,595.3,437.0,,,,
2022-11-17T16:12:47+05:30,354,595.3,437.0,,,,
2022-11-17T16:13:07+05:30,355,601.2,437.0,,,,
2022-11-17T16:13:27+05:30,356,601.2,436.0,,,,
2022-11-17T16:13:47+05:30,357,595.3,450.6,,,,
2022-11-17T16:14:07+05:30,358,594.3,437.0,,,,
2022-11-17T16:14:27+05:30,359,595.3,437.0,,,,
2022-11-17T16:14:47+05:30,360,595.3,450.6,,,,
2022-11-17T16:15:07+05:30,361,594.3,435.0,,,,
2022-11-17T16:15:27+05:30,362,594.3,437.0,,,,
2022-11-17T16:15:47+05:30,363,594.3,436.0,,,,
2022-11-17T16:16:07+05:30,364,600.2,437.0,,,,
2022-11-17T16:16:27+05:30,365,594.3,438.9,,,,
2022-11-17T16:16:47+05:30,366,594.3,437.0,,,,
2022-11-17T16:17:07+05:30,367,594.3,452.6,,,,
2022-11-17T16:17:27+05:30,368,594.3,438.9,,,,
2022-11-17T16:17:47+05:30,369,594.3,453.6,,,,
2022-11-17T16:18:07+05:30,370,595.3,440.9,,,,
2022-11-17T16:18:27+05:30,371,595.3,452.6,,,,
2022-11-17T16:18:47+05:30,372,594.3,438.9,,,,
2022-11-17T16:19:07+05:30,373,594.3,438.9,,,,
2022-11-17T16:19:27+05:30,374,594.3,453.6,,,,
2022-11-17T16:19:47+05:30,375,594.3,436.0,,,,
2022-11-17T16:20:07+05:30,376,594.3,437.0,,,,
2022-11-17T16:20:27+05:30,377,594.3,436.0,,,,
2022-11-17T16:20:47+05:30,378,594.3,437.0,,,,
2022-11-17T16:21:07+05:30,379,594.3,438.9,,,,
2022-11-17T16:21:27+05:30,380,594.3,437.0,,,,
2022-11-17T16:21:47+05:30,381,594.3,437.0,,,,
2022-11-17T16:22:07+05:30,382,594.3,437.0,,,,
2022-11-17T16:22:27+05:30,383,599.2,437.0,,,,
2022-11-17T16:22:47+05:30,384,594.3,437.0,,,,
2022-11-17T16:23:07+05:30,385,594.3,436.0,,,,
2022-11-17T16:23:27+05:30,386,594.3,437.0,,,,
2022-11-17T16:23:47+05:30,387,594.3,437.0,,,,
2022-11-17T16:24:07+05:30,388,593.4,437.0,,,,
2022-11-17T16:24:27+05:30,389,594.3,437.0,,,,
2022-11-17T16:24:47+05:30,390,593.4,436.0,,,,
2022-11-17T16:25:07+05:30,391,594.3,436.0,,,,
2022-11-17T16:25:27+05:30,392,594.3,436.0,,,,
2022-11-17T16:25:47+05:30,393,593.4,436.0,,,,
2022-11-17T16:26:07+05:30,394,594.3,438.9,,,,
2022-11-17T16:26:27+05:30,395,598.2,436.0,,,,
2022-11-17T16:26:47+05:30,396,593.4,437.0,,,,
2022-11-17T16:27:07+05:30,397,599.2,434.0,,,,
2022-11-17T16:27:27+05:30,398,599.2,433.0,,,,
2022-11-17T16:27:47+05:30,399,594.3,434.0,,,,
2022-11-17T16:28:07+05:30,400,593.4,450.6,,,,
2022-11-17T16:28:27+05:30,401,593.4,433.0,,,,
2022-11-17T16:28:47+05:30,402,599.2,433.0,,,,
2022-11-17T16:29:07+05:30,403,593.4,433.0,,,,
2022-11-17T16:29:27+05:30,404,594.3,433.0,,,,
2022-11-17T16:29:47+05:30,405,594.3,432.1,,,,
2022-11-17T16:30:07+05:30,406,594.3,431.1,,,,
2022-11-17T16:30:27+05:30,407,594.3,448.7,,,,
2022-11-17T16:30:47+05:30,408,594.3,432.1,,,,
2022-11-17T16:31:07+05:30,409,594.3,430.1,,,,
2022-11-17T16:31:27+05:30,410,594.3,431.1,,,,
2022-11-17T16:31:47+05:30,411,593.4,432.1,,,,
2022-11-17T16:32:07+05:30,412,594.3,431.1,,,,
2022-11-17T16:32:27+05:30,413,594.3,432.1,,,,
2022-11-17T16:32:47+05:30,414,599.2,446.7,,,,
2022-11-17T16:33:07+05:30,415,594.3,429.1,,,,
2022-11-17T16:33:27+05:30,416,594.3,431.1,,,,
2022-11-17T16:33:47+05:30,417,593.4,431.1,,,,
2022-11-17T16:34:07+05:30,418,599.2,429.1,,,,
2022-11-17T16:34:27+05:30,419,594.3,428.2,,,,
2022-11-17T16:34:47+05:30,420,594.3,429.1,,,,
2022-11-17T16:35:07+05:30,421,593.4,428.2,,,,
2022-11-17T16:35:27+05:30,422,594.3,429.1,,,,
2022-11-17T16:35:47+05:30,423,593.4,431.1,,,,
2022-11-17T16:36:07+05:30,424,594.3,428.2,,,,
2022-11-17T16:36:27+05:30,425,594.3,430.1,,,,
2022-11-17T16:36:47+05:30,426,594.3,431.1,,,,
2022-11-17T16:37:07+05:30,427,594.3,432.1,,,,
2022-11-17T16:37:27+05:30,428,594.3,432.1,,,,
2022-11-17T16:37:47+05:30,429,594.3,431.1,,,,
2022-11-17T16:38:07+05:30,430,596.3,440.9,,,,
2022-11-17T16:38:27+05:30,431,593.4,425.2,,,,
2022-11-17T16:38:47+05:30,432,592.4,427.2,,,,
2022-11-17T16:39:07+05:30,433,597.3,425.2,,,,
2022-11-17T16:39:27+05:30,434,593.4,424.2,,,,
2022-11-17T16:39:47+05:30,435,592.4,442.8,,,,
2022-11-17T16:40:07+05:30,436,592.4,425.2,,,,
2022-11-17T16:40:27+05:30,437,592.4,425.2,,,,
2022-11-17T16:40:47+05:30,438,592.4,427.2,,,,
2022-11-17T16:41:07+05:30,439,593.4,424.2,,,,
2022-11-17T16:41:27+05:30,440,597.3,438.9,,,,
2022-11-17T16:41:47+05:30,441,592.4,425.2,,,,
2022-11-17T16:42:07+05:30,442,592.4,425.2,,,,
2022-11-17T16:42:27+05:30,443,593.4,424.2,,,,
2022-11-17T16:42:47+05:30,444,593.4,425.2,,,,
2022-11-17T16:43:07+05:30,445,597.3,422.3,,,,
2022-11-17T16:43:27+05:30,446,592.4,423.3,,,,
2022-11-17T16:43:47+05:30,447,593.4,436.0,,,,
2022-11-17T16:44:07+05:30,448,592.4,423.3,,,,
2022-11-17T16:44:27+05:30,449,592.4,423.3,,,,
2022-11-17T16:44:47+05:30,450,593.4,423.3,,,,
2022-11-17T16:45:07+05:30,451,592.4,421.3,,,,
2022-11-17T16:45:27+05:30,452,597.3,421.3,,,,
2022-11-17T16:45:47+05:30,453,592.4,419.4,,,,
2022-11-17T16:46:07+05:30,454,593.4,418.4,,,,
2022-11-17T16:46:27+05:30,455,592.4,419.4,,,,
2022-11-17T16:46:47+05:30,456,592.4,433.0,,,,
2022-11-17T16:47:07+05:30,457,592.4,419.4,,,,
2022-11-17T16:47:27+05:30,458,592.4,419.4,,,,
2022-11-17T16:47:47+05:30,459,593.4,419.4,,,,
2022-11-17T16:48:07+05:30,460,592.4,418.4,,,,
2022-11-17T16:48:27+05:30,461,592.4,419.4,,,,
2022-11-17T16:48:47+05:30,462,592.4,419.4,,,,
2022-11-17T16:49:07+05:30,463,592.4,419.4,,,,
2022-11-17T16:49:27+05:30,464,597.3,421.3,,,,
2022-11-17T16:49:47+05:30,465,592.4,422.3,,,,
2022-11-17T16:50:07+05:30,466,592.4,423.3,,,,
2022-11-17T16:50:27+05:30,467,592.4,421.3,,,,
2022-11-17T16:50:48+05:30,468,592.4,418.4,,,,
2022-11-17T16:51:42+05:30,469,593.4,435.0,,,,
2022-11-17T16:51:58+05:30,470,596.3,423.3,,,,
2022-11-17T16:52:14+05:30,471,589.4,422.3,,,,
2022-11-17T16:52:34+05:30,472,588.5,421.3,,,,
2022-11-17T16:52:54+05:30,473,591.4,423.3,,,,
2022-11-17T16:53:14+05:30,474,596.3,422.3,,,,
2022-11-17T16:53:34+05:30,475,588.5,422.3,,,,
2022-11-17T16:53:54+05:30,476,591.4,421.3,,,,
2022-11-17T16:54:14+05:30,477,591.4,436.0,,,,
2022-11-17T16:54:34+05:30,478,587.5,423.3,,,,
2022-11-17T16:54:54+05:30,479,596.3,419.4,,,,
2022-11-17T16:55:14+05:30,480,588.5,421.3,,,,
2022-11-17T16:55:34+05:30,481,589.4,421.3,,,,
2022-11-17T16:55:54+05:30,482,596.3,421.3,,,,
2022-11-17T16:56:14+05:30,483,588.5,422.3,,,,
2022-11-17T16:56:34+05:30,484,587.5,421.3,,,,
2022-11-17T16:56:54+05:30,485,587.5,421.3,,,,
2022-11-17T16:57:14+05:30,486,587.5,435.0,,,,
2022-11-17T16:57:34+05:30,487,587.5,421.3,,,,
2022-11-17T16:57:54+05:30,488,588.5,421.3,,,,
2022-11-17T16:58:14+05:30,489,587.5,420.3,,,,
2022-11-17T16:58:34+05:30,490,587.5,433.0,,,,
2022-11-17T16:58:54+05:30,491,587.5,421.3,,,,
2022-11-17T16:59:14+05:30,492,587.5,421.3,,,,
2022-11-17T16:59:34+05:30,493,587.5,434.0,,,,
2022-11-17T16:59:54+05:30,494,587.5,435.0,,,,
2022-11-17T17:00:14+05:30,495,587.5,421.3,,,,
2022-11-17T17:00:34+05:30,496,585.5,417.4,,,,
2022-11-17T17:00:54+05:30,497,583.6,432.1,,,,
2022-11-17T17:01:14+05:30,498,583.6,418.4,,,,
2022-11-17T17:01:34+05:30,499,586.5,419.4,,,,
2022-11-17T17:01:54+05:30,500,597.3,422.3,,,,
2022-11-17T17:02:14+05:30,501,596.3,421.3,,,,
2022-11-17T17:02:34+05:30,502,592.4,421.3,,,,
2022-11-17T17:02:54+05:30,503,591.4,420.3,,,,
2022-11-17T17:03:14+05:30,504,597.3,434.0,,,,
2022-11-17T17:03:34+05:30,505,597.3,421.3,,,,
2022-11-17T17:03:54+05:30,506,588.5,434.0,,,,
2022-11-17T17:04:14+05:30,507,596.3,435.0,,,,
2022-11-17T17:04:34+05:30,508,587.5,436.0,,,,
2022-11-17T17:04:54+05:30,509,596.3,423.3,,,,
2022-11-17T17:05:14+05:30,510,596.3,423.3,,,,
2022-11-17T17:05:34+05:30,511,587.5,424.2,,,,
2022-11-17T17:05:54+05:30,512,587.5,424.2,,,,
2022-11-17T17:06:14+05:30,513,596.3,427.2,,,,
2022-11-17T17:06:34+05:30,514,587.5,439.9,,,,
2022-11-17T17:06:54+05:30,515,587.5,440.9,,,,
2022-11-17T17:07:15+05:30,516,587.5,425.2,,,,
2022-11-17T17:07:35+05:30,517,586.5,424.2,,,,
2022-11-17T17:07:55+05:30,518,596.3,424.2,,,,
2022-11-17T17:08:14+05:30,519,596.3,424.2,,,,
2022-11-17T17:08:35+05:30,520,596.3,437.0,,,,
2022-11-17T17:08:54+05:30,521,596.3,424.2,,,,
2022-11-17T17:09:15+05:30,522,587.5,438.9,,,,
2022-11-17T17:09:34+05:30,523,586.5,424.2,,,,
2022-11-17T17:09:54+05:30,524,587.5,423.3,,,,
2022-11-17T17:10:14+05:30,525,586.5,439.9,,,,
2022-11-17T17:10:34+05:30,526,586.5,423.3,,,,
2022-11-17T17:10:54+05:30,527,587.5,436.0,,,,
2022-11-17T17:11:14+05:30,528,586.5,437.0,,,,
2022-11-17T17:11:34+05:30,529,586.5,435.0,,,,
2022-11-17T17:11:54+05:30,530,586.5,435.0,,,,
2022-11-17T17:12:14+05:30,531,596.3,436.0,,,,
2022-11-17T17:12:34+05:30,532,596.3,435.0,,,,
2022-11-17T17:12:54+05:30,533,586.5,422.3,,,,
2022-11-17T17:13:14+05:30,534,586.5,422.3,,,,
2022-11-17T17:13:34+05:30,535,596.3,435.0,,,,
2022-11-17T17:13:54+05:30,536,595.3,436.0,,,,
2022-11-17T17:14:14+05:30,537,586.5,436.0,,,,
2022-11-17T17:14:34+05:30,538,586.5,422.3,,,,
2022-11-17T17:14:54+05:30,539,596.3,422.3,,,,
2022-11-17T17:15:14+05:30,540,586.5,436.0,,,,
2022-11-17T17:15:34+05:30,541,586.5,423.3,,,,
2022-11-17T17:15:55+05:30,542,595.3,422.3,,,,
2022-11-17T17:16:14+05:30,543,595.3,421.3,,,,
2022-11-17T17:16:34+05:30,544,586.5,433.0,,,,
2022-11-17T17:16:54+05:30,545,586.5,434.0,,,,
2022-11-17T17:17:14+05:30,546,586.5,435.0,,,,
2022-11-17T17:17:35+05:30,547,586.5,422.3,,,,
2022-11-17T17:17:54+05:30,548,595.3,422.3,,,,
2022-11-17T17:18:14+05:30,549,585.5,435.0,,,,
2022-11-17T17:18:34+05:30,550,586.5,434.0,,,,
2022-11-17T17:18:54+05:30,551,595.3,435.0,,,,
2022-11-17T17:19:15+05:30,552,586.5,435.0,,,,
2022-11-17T17:19:34+05:30,553,595.3,422.3,,,,
2022-11-17T17:19:54+05:30,554,586.5,435.0,,,,
2022-11-17T17:20:15+05:30,555,586.5,422.3,,,,
2022-11-17T17:20:35+05:30,556,586.5,422.3,,,,
2022-11-17T17:20:54+05:30,557,595.3,436.0,,,,
2022-11-17T17:21:14+05:30,558,586.5,433.0,,,,
2022-11-17T17:21:34+05:30,559,586.5,434.0,,,,
2022-11-17T17:21:54+05:30,560,586.5,432.1,,,,
2022-11-17T17:22:15+05:30,561,586.5,418.4,,,,
2022-11-17T17:22:34+05:30,562,595.3,418.4,,,,
2022-11-17T17:22:54+05:30,563,586.5,418.4,,,,
2022-11-17T17:23:14+05:30,564,586.5,433.0,,,,
2022-11-17T17:23:35+05:30,565,595.3,419.4,,,,
2022-11-17T17:23:54+05:30,566,594.3,418.4,,,,
2022-11-17T17:24:14+05:30,567,595.3,433.0,,,,
2022-11-17T17:24:34+05:30,568,585.5,418.4,,,,
2022-11-17T17:24:55+05:30,569,586.5,419.4,,,,
2022-11-17T17:25:14+05:30,570,595.3,432.1,,,,
2022-11-17T17:25:34+05:30,571,585.5,417.4,,,,
2022-11-17T17:25:54+05:30,572,586.5,433.0,,,,
2022-11-17T17:26:15+05:30,573,586.5,419.4,,,,
2022-11-17T17:26:35+05:30,574,586.5,418.4,,,,
2022-11-17T17:26:54+05:30,575,585.5,418.4,,,,
2022-11-17T17:27:14+05:30,576,586.5,433.0,,,,
2022-11-17T17:27:35+05:30,577,586.5,434.0,,,,
2022-11-17T17:27:54+05:30,578,594.3,436.0,,,,
2022-11-17T17:28:14+05:30,579,595.3,434.0,,,,
2022-11-17T17:28:34+05:30,580,586.5,436.0,,,,
2022-11-17T17:28:55+05:30,581,585.5,440.9,,,,
2022-11-17T17:29:15+05:30,582,594.3,427.2,,,,
2022-11-17T17:29:35+05:30,583,594.3,432.1,,,,
2022-11-17T17:29:54+05:30,584,594.3,450.6,,,,
2022-11-17T17:30:15+05:30,585,584.6,437.0,,,,
2022-11-17T17:30:35+05:30,586,594.3,440.9,,,,
2022-11-17T17:30:54+05:30,587,583.6,443.8,,,,
2022-11-17T17:31:15+05:30,588,583.6,458.5,,,,
2022-11-17T17:31:35+05:30,589,593.4,444.8,,,,
2022-11-17T17:31:54+05:30,590,583.6,445.7,,,,
2022-11-17T17:32:18+05:30,591,593.4,459.4,,,,
2022-11-17T17:32:35+05:30,592,583.6,459.4,,,,
2022-11-17T17:32:55+05:30,593,583.6,460.4,,,,
2022-11-17T17:33:15+05:30,594,583.6,459.4,,,,
2022-11-17T17:33:34+05:30,595,594.3,445.7,,,,
2022-11-17T17:33:54+05:30,596,594.3,460.4,,,,
2022-11-17T17:34:15+05:30,597,583.6,445.7,,,,
2022-11-17T17:34:35+05:30,598,583.6,460.4,,,,
2022-11-17T17:34:54+05:30,599,594.3,447.7,,,,
2022-11-17T17:35:15+05:30,600,594.3,460.4,,,,
2022-11-17T17:35:35+05:30,601,594.3,447.7,,,,
2022-11-17T17:35:55+05:30,602,583.6,448.7,,,,
2022-11-17T17:36:15+05:30,603,594.3,463.3,,,,
2022-11-17T17:36:34+05:30,604,584.6,463.3,,,,
2022-11-17T17:36:55+05:30,605,594.3,462.4,,,,
2022-11-17T17:37:15+05:30,606,585.5,448.7,,,,
2022-11-17T17:37:34+05:30,607,585.5,450.6,,,,
2022-11-17T17:37:54+05:30,608,594.3,450.6,,,,
2022-11-17T17:38:15+05:30,609,585.5,465.3,,,,
2022-11-17T17:38:35+05:30,610,585.5,463.3,,,,
2022-11-17T17:38:54+05:30,611,595.3,450.6,,,,
2022-11-17T17:39:15+05:30,612,595.3,466.3,,,,
2022-11-17T17:39:35+05:30,613,594.3,465.3,,,,
2022-11-17T17:39:55+05:30,614,595.3,451.6,,,,
2022-11-17T17:40:15+05:30,615,586.5,451.6,,,,
2022-11-17T17:40:34+05:30,616,595.3,451.6,,,,
2022-11-17T17:40:55+05:30,617,586.5,466.3,,,,
2022-11-17T17:41:15+05:30,618,585.5,451.6,,,,
2022-11-17T17:41:35+05:30,619,585.5,450.6,,,,
2022-11-17T17:41:55+05:30,620,593.4,450.6,,,,
2022-11-17T17:42:15+05:30,621,583.6,465.3,,,,
2022-11-17T17:42:35+05:30,622,594.3,451.6,,,,
2022-11-17T17:42:55+05:30,623,586.5,451.6,,,,
2022-11-17T17:43:15+05:30,624,596.3,452.6,,,,
2022-11-17T17:43:35+05:30,625,586.5,467.3,,,,
2022-11-17T17:43:55+05:30,626,596.3,468.2,,,,
2022-11-17T17:44:15+05:30,627,587.5,453.6,,,,
2022-11-17T17:44:38+05:30,628,596.3,467.3,,,,
2022-11-17T17:44:55+05:30,629,596.3,468.2,,,,
2022-11-17T17:45:15+05:30,630,587.5,468.2,,,,
2022-11-17T17:45:35+05:30,631,596.3,468.2,,,,
2022-11-17T17:45:55+05:30,632,596.3,453.6,,,,
2022-11-17T17:46:15+05:30,633,587.5,468.2,,,,
2022-11-17T17:46:35+05:30,634,588.5,452.6,,,,
2022-11-17T17:46:55+05:30,635,587.5,453.6,,,,
2022-11-17T17:47:15+05:30,636,596.3,453.6,,,,
2022-11-17T17:47:35+05:30,637,588.5,469.2,,,,
2022-11-17T17:47:55+05:30,638,587.5,469.2,,,,
2022-11-17T17:48:15+05:30,639,589.4,455.5,,,,
2022-11-17T17:48:35+05:30,640,597.3,469.2,,,,
2022-11-17T17:48:55+05:30,641,597.3,469.2,,,,
2022-11-17T17:49:15+05:30,642,591.4,469.2,,,,
2022-11-17T17:49:35+05:30,643,592.4,469.2,,,,
2022-11-17T17:49:55+05:30,644,591.4,455.5,,,,
2022-11-17T17:50:15+05:30,645,592.4,456.5,,,,
2022-11-17T17:50:35+05:30,646,592.4,455.5,,,,
2022-11-17T17:50:55+05:30,647,592.4,456.5,,,,
2022-11-17T17:51:15+05:30,648,592.4,456.5,,,,
2022-11-17T17:51:35+05:30,649,592.4,457.5,,,,
2022-11-17T17:51:55+05:30,650,592.4,470.2,,,,
2022-11-17T17:52:15+05:30,651,597.3,457.5,,,,
2022-11-17T17:52:35+05:30,652,593.4,456.5,,,,
2022-11-17T17:52:55+05:30,653,592.4,457.5,,,,
2022-11-17T17:53:15+05:30,654,593.4,470.2,,,,
2022-11-17T17:53:35+05:30,655,592.4,457.5,,,,
2022-11-17T17:53:55+05:30,656,593.4,457.5,,,,
2022-11-17T17:54:15+05:30,657,592.4,457.5,,,,
2022-11-17T17:54:35+05:30,658,593.4,457.5,,,,
2022-11-17T17:54:55+05:30,659,593.4,456.5,,,,
2022-11-17T17:55:15+05:30,660,593.4,457.5,,,,
2022-11-17T17:55:35+05:30,661,593.4,457.5,,,,
2022-11-17T17:55:55+05:30,662,593.4,457.5,,,,
2022-11-17T17:56:15+05:30,663,597.3,457.5,,,,
2022-11-17T17:56:35+05:30,664,593.4,456.5,,,,
2022-11-17T17:56:55+05:30,665,593.4,457.5,,,,
2022-11-17T17:57:15+05:30,666,593.4,457.5,,,,
2022-11-17T17:57:35+05:30,667,593.4,457.5,,,,
2022-11-17T17:57:55+05:30,668,593.4,457.5,,,,
2022-11-17T17:58:15+05:30,669,599.2,456.5,,,,
2022-11-17T17:58:35+05:30,670,599.2,457.5,,,,
2022-11-17T17:58:55+05:30,671,593.4,457.5,,,,
2022-11-17T17:59:15+05:30,672,593.4,458.5,,,,
2022-11-17T17:59:35+05:30,673,594.3,459.4,,,,
2022-11-17T17:59:55+05:30,674,594.3,452.6,,,,
2022-11-17T18:00:15+05:30,675,592.4,467.3,,,,
2022-11-17T18:00:35+05:30,676,593.4,467.3,,,,
2022-11-17T18:00:55+05:30,677,593.4,452.6,,,,
2022-11-17T18:01:15+05:30,678,593.4,453.6,,,,
2022-11-17T18:01:35+05:30,679,593.4,452.6,,,,
2022-11-17T18:01:55+05:30,680,593.4,452.6,,,,
2022-11-17T18:02:15+05:30,681,593.4,452.6,,,,
2022-11-17T18:02:35+05:30,682,598.2,451.6,,,,
2022-11-17T18:02:55+05:30,683,593.4,466.3,,,,
2022-11-17T18:03:15+05:30,684,593.4,450.6,,,,
2022-11-17T18:03:35+05:30,685,593.4,450.6,,,,
2022-11-17T18:03:55+05:30,686,593.4,450.6,,,,
2022-11-17T18:04:15+05:30,687,593.4,450.6,,,,
2022-11-17T18:04:35+05:30,688,593.4,450.6,,,,
2022-11-17T18:04:55+05:30,689,599.2,448.7,,,,
2022-11-17T18:05:15+05:30,690,601.2,453.6,,,,
2022-11-17T18:05:35+05:30,691,593.4,445.7,,,,
2022-11-17T18:05:55+05:30,692,593.4,445.7,,,,
2022-11-17T18:06:15+05:30,693,594.3,444.8,,,,
2022-11-17T18:06:35+05:30,694,600.2,443.8,,,,
2022-11-17T18:06:55+05:30,695,594.3,442.8,,,,
2022-11-17T18:07:15+05:30,696,594.3,453.6,,,,
2022-11-17T18:07:35+05:30,697,594.3,439.9,,,,
2022-11-17T18:07:55+05:30,698,594.3,436.0,,,,
2022-11-17T18:08:15+05:30,699,594.3,432.1,,,,
2022-11-17T18:08:35+05:30,700,595.3,424.2,,,,
2022-11-17T18:08:55+05:30,701,595.3,423.3,,,,
2022-11-17T18:09:15+05:30,702,595.3,422.3,,,,
2022-11-17T18:09:35+05:30,703,595.3,425.2,,,,
2022-11-17T18:09:55+05:30,704,595.3,424.2,,,,
2022-11-17T18:10:15+05:30,705,595.3,421.3,,,,
2022-11-17T18:10:35+05:30,706,595.3,424.2,,,,
2022-11-17T18:10:55+05:30,707,595.3,423.3,,,,
2022-11-17T18:11:15+05:30,708,595.3,423.3,,,,
2022-11-17T18:11:35+05:30,709,595.3,435.0,,,,
2022-11-17T18:11:55+05:30,710,603.1,424.2,,,,
2022-11-17T18:12:15+05:30,711,595.3,423.3,,,,
2022-11-17T18:12:35+05:30,712,595.3,424.2,,,,
2022-11-17T18:12:55+05:30,713,603.1,423.3,,,,
2022-11-17T18:13:15+05:30,714,595.3,422.3,,,,
2022-11-17T18:13:35+05:30,715,595.3,421.3,,,,
2022-11-17T18:13:55+05:30,716,595.3,433.0,,,,
2022-11-17T18:14:15+05:30,717,595.3,438.9,,,,
2022-11-17T18:14:35+05:30,718,594.3,425.2,,,,
2022-11-17T18:14:55+05:30,719,594.3,423.3,,,,
2022-11-17T18:15:15+05:30,720,595.3,421.3,,,,
2022-11-17T18:15:35+05:30,721,595.3,421.3,,,,
2022-11-17T18:15:55+05:30,722,595.3,425.2,,,,
2022-11-17T18:16:15+05:30,723,595.3,425.2,,,,
2022-11-17T18:16:35+05:30,724,595.3,424.2,,,,
2022-11-17T18:16:55+05:30,725,603.1,423.3,,,,
2022-11-17T18:17:15+05:30,726,595.3,423.3,,,,
2022-11-17T18:17:35+05:30,727,595.3,423.3,,,,
2022-11-17T18:17:55+05:30,728,595.3,425.2,,,,
2022-11-17T18:18:15+05:30,729,595.3,425.2,,,,
2022-11-17T18:18:35+05:30,730,595.3,427.2,,,,
2022-11-17T18:18:55+05:30,731,603.1,428.2,,,,
2022-11-17T18:19:15+05:30,732,603.1,425.2,,,,
2022-11-17T18:19:35+05:30,733,595.3,425.2,,,,
2022-11-17T18:19:55+05:30,734,594.3,428.2,,,,
2022-11-17T18:20:15+05:30,735,595.3,433.0,,,,
2022-11-17T18:20:35+05:30,736,595.3,431.1,,,,
2022-11-17T18:20:55+05:30,737,595.3,432.1,,,,
2022-11-17T18:21:15+05:30,738,595.3,450.6,,,,
2022-11-17T18:21:35+05:30,739,596.3,436.0,,,,
2022-11-17T18:21:55+05:30,740,595.3,435.0,,,,
2022-11-17T18:22:15+05:30,741,595.3,435.0,,,,
2022-11-17T18:22:35+05:30,742,595.3,450.6,,,,
2022-11-17T18:22:55+05:30,743,596.3,436.0,,,,
2022-11-17T18:23:15+05:30,744,603.1,434.0,,,,
2022-11-17T18:23:35+05:30,745,595.3,433.0,,,,
2022-11-17T18:23:55+05:30,746,595.3,433.0,,,,
2022-11-17T18:24:15+05:30,747,595.3,434.0,,,,
2022-11-17T18:24:35+05:30,748,595.3,433.0,,,,
2022-11-17T18:24:55+05:30,749,596.3,445.7,,,,
2022-11-17T18:25:15+05:30,750,603.1,432.1,,,,
2022-11-17T18:25:35+05:30,751,603.1,431.1,,,,
2022-11-17T18:25:55+05:30,752,594.3,427.2,,,,
2022-11-17T18:26:15+05:30,753,595.3,424.2,,,,
2022-11-17T18:26:35+05:30,754,594.3,423.3,,,,
2022-11-17T18:26:55+05:30,755,594.3,424.2,,,,
2022-11-17T18:27:15+05:30,756,594.3,423.3,,,,
2022-11-17T18:27:35+05:30,757,594.3,437.0,,,,
2022-11-17T18:27:55+05:30,758,595.3,440.9,,,,
2022-11-17T18:28:15+05:30,759,594.3,423.3,,,,
2022-11-17T18:28:35+05:30,760,595.3,417.4,,,,
2022-11-17T18:28:55+05:30,761,595.3,419.4,,,,
2022-11-17T18:29:15+05:30,762,595.3,423.3,,,,
2022-11-17T18:29:35+05:30,763,601.2,424.2,,,,
2022-11-17T18:29:55+05:30,764,595.3,436.0,,,,
2022-11-17T18:30:15+05:30,765,603.1,434.0,,,,
2022-11-17T18:30:35+05:30,766,594.3,423.3,,,,
2022-11-17T18:30:55+05:30,767,594.3,425.2,,,,
2022-11-17T18:31:15+05:30,768,594.3,425.2,,,,
2022-11-17T18:31:35+05:30,769,594.3,427.2,,,,
2022-11-17T18:31:55+05:30,770,601.2,427.2,,,,
2022-11-17T18:32:15+05:30,771,601.2,427.2,,,,
2022-11-17T18:32:35+05:30,772,601.2,424.2,,,,
2022-11-17T18:32:55+05:30,773,595.3,425.2,,,,
2022-11-17T18:33:15+05:30,774,594.3,424.2,,,,
2022-11-17T18:33:35+05:30,775,601.2,437.0,,,,
2022-11-17T18:33:55+05:30,776,595.3,423.3,,,,
2022-11-17T18:34:15+05:30,777,595.3,424.2,,,,
2022-11-17T18:34:35+05:30,778,594.3,437.0,,,,
2022-11-17T18:34:55+05:30,779,595.3,439.9,,,,
2022-11-17T18:35:15+05:30,780,594.3,424.2,,,,
2022-11-17T18:35:35+05:30,781,595.3,423.3,,,,
2022-11-17T18:35:55+05:30,782,595.3,436.0,,,,
2022-11-17T18:36:15+05:30,783,595.3,422.3,,,,
2022-11-17T18:36:35+05:30,784,601.2,422.3,,,,
2022-11-17T18:36:55+05:30,785,595.3,422.3,,,,
2022-11-17T18:37:15+05:30,786,595.3,422.3,,,,
2022-11-17T18:37:35+05:30,787,594.3,422.3,,,,
2022-11-17T18:37:55+05:30,788,594.3,423.3,,,,
2022-11-17T18:38:15+05:30,789,595.3,424.2,,,,
2022-11-17T18:38:35+05:30,790,594.3,423.3,,,,
2022-11-17T18:38:55+05:30,791,594.3,423.3,,,,
2022-11-17T18:39:15+05:30,792,594.3,424.2,,,,
2022-11-17T18:39:35+05:30,793,601.2,425.2,,,,
2022-11-17T18:39:55+05:30,794,601.2,421.3,,,,
2022-11-17T18:40:15+05:30,795,595.3,418.4,,,,
2022-11-17T18:40:35+05:30,796,595.3,419.4,,,,
2022-11-17T18:40:55+05:30,797,594.3,422.3,,,,
2022-11-17T18:41:15+05:30,798,595.3,421.3,,,,
2022-11-17T18:41:35+05:30,799,595.3,427.2,,,,
2022-11-17T18:41:55+05:30,800,595.3,428.2,,,,
2022-11-17T18:42:15+05:30,801,603.1,416.4,,,,
2022-11-17T18:42:35+05:30,802,595.3,412.5,,,,
2022-11-17T18:42:55+05:30,803,596.3,408.6,,,,
2022-11-17T18:43:15+05:30,804,595.3,428.2,,,,
2022-11-17T18:43:35+05:30,805,596.3,416.4,,,,
2022-11-17T18:43:55+05:30,806,601.2,415.4,,,,
2022-11-17T18:44:15+05:30,807,595.3,418.4,,,,
2022-11-17T18:44:35+05:30,808,595.3,425.2,,,,
2022-11-17T18:44:55+05:30,809,603.1,413.5,,,,
2022-11-17T18:45:15+05:30,810,595.3,415.4,,,,
2022-11-17T18:45:35+05:30,811,595.3,418.4,,,,
2022-11-17T18:45:55+05:30,812,595.3,420.3,,,,
2022-11-17T18:46:15+05:30,813,595.3,419.4,,,,
2022-11-17T18:46:35+05:30,814,601.2,433.0,,,,
2022-11-17T18:46:55+05:30,815,594.3,434.0,,,,
2022-11-17T18:47:15+05:30,816,594.3,422.3,,,,
2022-11-17T18:47:35+05:30,817,594.3,421.3,,,,
2022-11-17T18:47:55+05:30,818,594.3,418.4,,,,
2022-11-17T18:48:15+05:30,819,594.3,418.4,,,,
2022-11-17T18:48:35+05:30,820,594.3,418.4,,,,
2022-11-17T18:48:55+05:30,821,594.3,432.1,,,,
2022-11-17T18:49:15+05:30,822,594.3,415.4,,,,
2022-11-17T18:49:35+05:30,823,594.3,419.4,,,,
2022-11-17T18:49:55+05:30,824,594.3,417.4,,,,
2022-11-17T18:50:15+05:30,825,601.2,418.4,,,,
2022-11-17T18:50:35+05:30,826,594.3,417.4,,,,
2022-11-17T18:50:55+05:30,827,594.3,416.4,,,,
2022-11-17T18:51:15+05:30,828,594.3,416.4,,,,
2022-11-17T18:51:35+05:30,829,594.3,415.4,,,,
2022-11-17T18:51:55+05:30,830,595.3,411.5,,,,
2022-11-17T18:52:15+05:30,831,595.3,416.4,,,,
2022-11-17T18:52:35+05:30,832,595.3,415.4,,,,
2022-11-17T18:52:55+05:30,833,595.3,413.5,,,,
2022-11-17T18:53:15+05:30,834,595.3,412.5,,,,
2022-11-17T18:53:35+05:30,835,601.2,409.6,,,,
2022-11-17T18:53:55+05:30,836,594.3,407.6,,,,
2022-11-17T18:54:15+05:30,837,601.2,409.6,,,,
2022-11-17T18:54:35+05:30,838,594.3,413.5,,,,
2022-11-17T18:54:55+05:30,839,594.3,413.5,,,,
2022-11-17T18:55:15+05:30,840,595.3,419.4,,,,
2022-11-17T18:55:35+05:30,841,595.3,417.4,,,,
2022-11-17T18:55:55+05:30,842,596.3,397.8,,,,
2022-11-17T18:56:15+05:30,843,595.3,406.6,,,,
2022-11-17T18:56:35+05:30,844,601.2,406.6,,,,
2022-11-17T18:56:55+05:30,845,595.3,404.7,,,,
2022-11-17T18:57:15+05:30,846,595.3,407.6,,,,
2022-11-17T18:57:35+05:30,847,601.2,406.6,,,,
2022-11-17T18:57:55+05:30,848,594.3,424.2,,,,
2022-11-17T18:58:15+05:30,849,594.3,409.6,,,,
2022-11-17T18:58:35+05:30,850,594.3,412.5,,,,
2022-11-17T18:58:55+05:30,851,594.3,412.5,,,,
2022-11-17T18:59:15+05:30,852,594.3,413.5,,,,
2022-11-17T18:59:35+05:30,853,594.3,409.6,,,,
2022-11-17T18:59:55+05:30,854,594.3,407.6,,,,
2022-11-17T19:00:15+05:30,855,594.3,408.6,,,,
2022-11-17T19:00:35+05:30,856,601.2,410.6,,,,
2022-11-17T19:00:55+05:30,857,594.3,408.6,,,,
2022-11-17T19:01:15+05:30,858,594.3,407.6,,,,
2022-11-17T19:01:35+05:30,859,594.3,405.7,,,,
2022-11-17T19:01:55+05:30,860,594.3,410.6,,,,
2022-11-17T19:02:15+05:30,861,594.3,412.5,,,,
2022-11-17T19:02:35+05:30,862,594.3,423.3,,,,
2022-11-17T19:02:55+05:30,863,594.3,424.2,,,,
2022-11-17T19:03:15+05:30,864,594.3,412.5,,,,
2022-11-17T19:03:35+05:30,865,594.3,410.6,,,,
2022-11-17T19:03:55+05:30,866,594.3,425.2,,,,
2022-11-17T19:04:15+05:30,867,594.3,411.5,,,,
2022-11-17T19:04:35+05:30,868,594.3,411.5,,,,
2022-11-17T19:04:55+05:30,869,594.3,409.6,,,,
2022-11-17T19:05:15+05:30,870,594.3,412.5,,,,
2022-11-17T19:05:35+05:30,871,593.4,412.5,,,,
2022-11-17T19:05:55+05:30,872,594.3,411.5,,,,
2022-11-17T19:06:15+05:30,873,594.3,407.6,,,,
2022-11-17T19:06:35+05:30,874,593.4,427.2,,,,
2022-11-17T19:06:55+05:30,875,599.2,407.6,,,,
2022-11-17T19:07:15+05:30,876,593.4,407.6,,,,
2022-11-17T19:07:35+05:30,877,599.2,412.5,,,,
2022-11-17T19:07:55+05:30,878,594.3,410.6,,,,
2022-11-17T19:08:15+05:30,879,594.3,408.6,,,,
2022-11-17T19:08:35+05:30,880,594.3,412.5,,,,
2022-11-17T19:08:55+05:30,881,594.3,425.2,,,,
2022-11-17T19:09:15+05:30,882,593.4,407.6,,,,
2022-11-17T19:09:35+05:30,883,593.4,419.4,,,,
2022-11-17T19:09:55+05:30,884,594.3,417.4,,,,
2022-11-17T19:10:15+05:30,885,593.4,417.4,,,,
2022-11-17T19:10:35+05:30,886,592.4,416.4,,,,
2022-11-17T19:10:55+05:30,887,597.3,417.4,,,,
2022-11-17T19:11:15+05:30,888,592.4,417.4,,,,
2022-11-17T19:11:35+05:30,889,592.4,417.4,,,,
2022-11-17T19:11:55+05:30,890,593.4,417.4,,,,
2022-11-17T19:12:15+05:30,891,592.4,418.4,,,,
2022-11-17T19:12:35+05:30,892,592.4,419.4,,,,
2022-11-17T19:12:55+05:30,893,592.4,417.4,,,,
2022-11-17T19:13:15+05:30,894,592.4,413.5,,,,
2022-11-17T19:13:35+05:30,895,592.4,417.4,,,,
2022-11-17T19:13:55+05:30,896,592.4,418.4,,,,
2022-11-17T19:14:15+05:30,897,592.4,418.4,,,,